filename,code,RQ,quote,paragraph number
6 - Juanfe.docx,AI-assisted note capture,RQ3,we were trying to use that. application that listens to you when you do the party stoplight.,1
6 - Juanfe.docx,Data auditing for fidelity,RQ1; RQ2,"I would notice that some of the inputs would have —. Period of duration, that was like two minutes. It doesn't make sense. That's one tip, like 50 questions in two minutes.",3
6 - Juanfe.docx,Attrition and missing follow-ups,RQ1,"so far with what we've had, it's missing longitudinal data, so one family having… Being able to take two or more surveys and.",3
6 - Juanfe.docx,Evaluation design and correlation analysis,RQ2; RQ3,you want to know the before and the during and the after image of a family to see what the impact? of this interventionist.,4
6 - Juanfe.docx,Tracking interventions and resource effectiveness,RQ2,"And also, there's not that much data about the interventions.",5
6 - Juanfe.docx,Evaluation design and correlation analysis,RQ2; RQ3,It's hard. It's that's something that I'm struggling with,6
6 - Juanfe.docx,Assessment as self-reflection,RQ2,"the psl like helped me. visualize my goals, or visualize the situation that I am, and that's one of the qualities of the part of stuff like that. It helps you better understand the situation that you're in",6
6 - Juanfe.docx,Gap between testimonies and dataset,RQ2,But when you go and look at the data like there's. A lot of things that are missing.,6
6 - Juanfe.docx,Capturing the why behind answers,RQ1; RQ2,"you don't know why it certain indicator turn from red to green, and I think that'll be useful information.",7
6 - Juanfe.docx,Burden and length of data collection,RQ1; RQ3,"if we're going to be asking more and more questions about each indicator, then. It's going to be very long.",7
6 - Juanfe.docx,Capturing the why behind answers,RQ1; RQ2,"Qualitative, I would say. Just more descriptions so we can better understand their progress.",9
6 - Juanfe.docx,Attrition and missing follow-ups,RQ1,And longitudinal will be even nicer.,9
6 - Juanfe.docx,Gap between testimonies and dataset,RQ2,It's from testimonies of people.,11
6 - Juanfe.docx,Gap between testimonies and dataset,RQ2,"No, I was not able to see her survey specifically. And I know she only took it once.",13
6 - Juanfe.docx,Attrition and missing follow-ups,RQ1,So they would do their psl every time they would go and get a new credit. And since she never went back to get another credit. Then she hasn't done another psl.,15
6 - Juanfe.docx,Implementation modalities,RQ1,these are people from microfinance institutions. So they would do their psl every time they would go and get a new credit.,15
6 - Juanfe.docx,Implementation modalities,RQ1,"for the specific microfinance institution in Brazil, it's optional. People can choose to do the psl or not. So a lot of people choose not to.",16
6 - Juanfe.docx,Returning results to participants,RQ2,"a lot of people, they have the psl on the fridge, and it's physical. like, they have it, like, with magnets on the fridge, and so they update those.",16
6 - Juanfe.docx,Loss between conversation and record,RQ1; RQ3,"So I think there's a lot of data that is lost in there. So it's not in the database, it's just on the house.",16
6 - Juanfe.docx,Human-centred administration,RQ1,"I think it's a very personal thing. When we were in Brazil, this woman She was, like, very people's person, you know, like she would be very comforting, and I think that's what. the data collectors, or the people that go and give out the surveys need to be.",18
6 - Juanfe.docx,Facilitation technique and neutrality,RQ1,She sat down with this family and talked through the indicators.,18
6 - Juanfe.docx,Implementation modalities,RQ1,"Some people like the privacy of, like, if I'm going to have an interview, I want to have an interview with the whole group. for this assessment. But they prefer a one-to-one interview, even though they were recorded.",20
6 - Juanfe.docx,AI-assisted note capture,RQ3,They didn't really think much about the recording.,20
6 - Juanfe.docx,Who administers the assessment,RQ1,"For one questioner, it talks about sexual health and well-being. And so the women would prefer to have a woman. that interviews them for these questions.",20
6 - Juanfe.docx,Privacy and data protection,RQ1; RQ2,"And it wouldn't be any, they wouldn't want to do it in a group. So they'd rather have, like, be in a room with this other person.",20
6 - Juanfe.docx,Implementation modalities,RQ1,"It's a microcredit group. And they're women who have their own businesses, but they take out the loan as a group.",22
6 - Juanfe.docx,Supporting participant comprehension of indicators,RQ1,"someone goes in the middle and explains each indicator, and then each… each of them fills it out on their own.",22
6 - Juanfe.docx,Heterogeneity across participants and programs,RQ2,"It's used in very different areas like microfinance, direct child welfare.",23
6 - Juanfe.docx,Privacy and data protection,RQ1; RQ2,"They choose to keep people anonymized. So that's like a big issue because… How are you able to see, they don't even have, like, an indicator… like, a unique number identifier.",23
6 - Juanfe.docx,Identity linkage across organizations and time,RQ1; RQ2,"How are you able to see, they don't even have, like, an indicator… like, a unique number identifier.",23
6 - Juanfe.docx,Participant benefit vs. extractive data collection,RQ1; RQ3,"Well, the point to the company is that they help their employees. And that the employees can see themselves, their own psl.",25
6 - Juanfe.docx,Privacy and data protection,RQ1; RQ2,"But because of privacy issues, the company decides not to keep that information.",25
6 - Juanfe.docx,Aggregate indicator analysis informs program action,RQ2,But they knew that savings was a big issue for them. for most of their employees had like a red or a yellow in savings. And so they started. They used that data in order to do workshops on savings.,27
6 - Juanfe.docx,Aggregate indicator analysis informs program action,RQ2,"a lot of the employees ended up having, like, direct deposit into their savings account.",28
6 - Juanfe.docx,Gap between testimonies and dataset,RQ2,Not that I'm aware of. Those are just the stories that I heard in the Cerrito Forum.,30
6 - Juanfe.docx,Capturing the why behind answers,RQ1; RQ2,"Except when it's like when people set their priorities, they usually have a comment of why.",32
6 - Juanfe.docx,Qualitative participant comments and notes,RQ1,"But that's only with 2 or 1, 2, 1 to 3 indicators that they choose to prioritize.",32
6 - Juanfe.docx,Qualitative participant comments and notes,RQ1,"A lot of the questions are like, oh, I don't know how to say it because I never learned. I need to work on it. And it's kind of. like, I understand what you're saying, but that's not complete enough.",33
6 - Juanfe.docx,Burden and length of data collection,RQ1; RQ3,"And I don't know if it's because, like, survey will take too long, if they're gonna, like, explain everything",33
6 - Juanfe.docx,Loss between conversation and record,RQ1; RQ3,"and the whole story that I just told you, like, what are you going to write down? Like he doesn't have insurance because he doesn't have a job. Well, there's more to it, right?",35
6 - Juanfe.docx,Burden and length of data collection,RQ1; RQ3,"Perhaps because the facilitators might have many, many clients that they have to interview. They might not have like all the time to go in depth.",38
6 - Juanfe.docx,Loss between conversation and record,RQ1; RQ3,"They might help the client. But they maybe don't record it because. If they're going to write down all the problems that all the people have, it's going to take a long time.",38
6 - Juanfe.docx,Limited visibility of downstream data use,RQ2; RQ3,"Perhaps they don't understand how important it is. To record data in a certain way. Because to be able to get insights. From data, you need to record it. In a very specific and structured way.",40
6 - Juanfe.docx,Loss between conversation and record,RQ1; RQ3,"And it could be not only just what's written, but also. the non-verbal cues.",40
6 - Juanfe.docx,Transparency and consent with participants,RQ1,"The the people can choose to have their data used for. Uh, data analytics or not.",42
6 - Juanfe.docx,Transparency and consent with participants,RQ1,So the people are able to own their data and they choose what to do with it.,42
