code,definition,first used in,date added,used in
Assessment embedded in wider program model,"When participant describes the multidimensional assessment as one component of a broader intervention, program design or theory of change (e.g., alongside faith, clinical care, leadership training, collective impact).",4 - Karen.docx,26-09-25 08:04,4 - Karen.docx; 2 - Dr.Nelaon and Karen.docx; 7 - Dr.Mazade.docx; 5 - Robin.docx
Community dialogue as data source,"When participant talks about collecting data from community members collectively (e.g., collective impact dialogues, recorded table conversations) to inform the model or identify shared measures.",4 - Karen.docx,26-09-25 08:04,4 - Karen.docx; 2 - Dr.Nelaon and Karen.docx; 7 - Dr.Mazade.docx; 3 - Scott.docx; 5 - Robin.docx
AI use in data analysis,"When participant describes using AI tools (LLMs, custom AI programs) to capture, summarize, interpret or analyse data, conversations or program models.",4 - Karen.docx,26-09-25 08:04,4 - Karen.docx; 2 - Dr.Nelaon and Karen.docx; 7 - Dr.Mazade.docx; 9 - Travis.docx; 3 - Scott.docx; 8 - Nancy.docx; 5 - Robin.docx; 1- Larry and Darleen.docx
Adapting assessment to population,"When participant talks about customizing, adding or reframing assessment questions or versions of the tool for a specific population or context (e.g., recovery, youth, childcare, social services).",4 - Karen.docx,26-09-25 08:04,4 - Karen.docx; 2 - Dr.Nelaon and Karen.docx; 3 - Scott.docx; 5 - Robin.docx
Baseline assessment at intake,"When participant describes when and how the first (baseline) assessment is administered at intake/admission, including timing windows.",4 - Karen.docx,26-09-25 08:04,4 - Karen.docx; 2 - Dr.Nelaon and Karen.docx; 9 - Travis.docx
Who administers the assessment,"When participant describes the roles or staff (coaches, care facilitators, admissions teams, counselors) responsible for administering baseline or follow-up assessments.",4 - Karen.docx,26-09-25 08:04,4 - Karen.docx; 3 - Scott.docx; 8 - Nancy.docx; 6 - Juanfe.docx; 1- Larry and Darleen.docx
Peer support specialists as assessors,"When participant talks about people with lived experience of recovery (certified peer support specialists) administering the assessment, and the effect of this on the interaction or data.",4 - Karen.docx,26-09-25 08:04,4 - Karen.docx; 2 - Dr.Nelaon and Karen.docx; 3 - Scott.docx
Participant condition affects data collection,"When participant describes how the participant's physical, emotional or life situation (e.g., detox, crisis, rock bottom) shapes whether, when or how the assessment can be completed.",4 - Karen.docx,26-09-25 08:04,4 - Karen.docx; 9 - Travis.docx; 3 - Scott.docx
Follow-up assessments,"When participant talks about repeated/follow-up assessments over time (frequency, phases, consistency of assessor, graduation) to track change.",4 - Karen.docx,26-09-25 08:04,4 - Karen.docx; 2 - Dr.Nelaon and Karen.docx; 9 - Travis.docx; 3 - Scott.docx; 1- Larry and Darleen.docx
Dashboards and Tableau,"When participant describes the platform dashboards or Tableau reports where assessment data are stored, visualized or retrieved.",4 - Karen.docx,26-09-25 08:04,4 - Karen.docx; 2 - Dr.Nelaon and Karen.docx; 9 - Travis.docx; 3 - Scott.docx; 1- Larry and Darleen.docx
Reporting templates and routines,"When participant talks about standardized report templates or recurring (e.g., monthly) reporting routines built to share assessment data.",4 - Karen.docx,26-09-25 08:04,4 - Karen.docx; 9 - Travis.docx; 8 - Nancy.docx; 1- Larry and Darleen.docx
Instrument structure shapes interpretation,"When participant talks about how the design of the instrument (number of questions per dimension, weighting, indicator categories) affects how they read or interpret results.",4 - Karen.docx,26-09-25 08:04,4 - Karen.docx; 3 - Scott.docx; 8 - Nancy.docx
Tool limitations and wish list,"When participant describes things the current tools cannot do, workarounds they need, or features they wish existed.",4 - Karen.docx,26-09-25 08:04,4 - Karen.docx; 9 - Travis.docx; 3 - Scott.docx; 8 - Nancy.docx; 1- Larry and Darleen.docx
Aggregate indicator analysis informs program action,"When participant describes looking across participants' indicators (e.g., hardest indicators, common reds/yellows) to decide program-level actions, partnerships or resources.",4 - Karen.docx,26-09-25 08:04,4 - Karen.docx; 2 - Dr.Nelaon and Karen.docx; 7 - Dr.Mazade.docx; 9 - Travis.docx; 3 - Scott.docx; 6 - Juanfe.docx; 1- Larry and Darleen.docx
Tracking interventions and resource effectiveness,"When participant talks about recording interventions/resources linked to goals and achievements, or wanting to know which resources/services work (or do not).",4 - Karen.docx,26-09-25 08:04,4 - Karen.docx; 2 - Dr.Nelaon and Karen.docx; 3 - Scott.docx; 6 - Juanfe.docx; 1- Larry and Darleen.docx
Data errors and calculation glitches,"When participant talks about errors in platform calculations, duplicates or other data integrity problems they discovered.",4 - Karen.docx,26-09-25 08:04,4 - Karen.docx; 1- Larry and Darleen.docx
Strengths-based coaching with results,When participant describes using assessment results to highlight strengths/green indicators and quick wins to motivate participants.,4 - Karen.docx,26-09-25 08:04,4 - Karen.docx; 5 - Robin.docx
Priority goal setting,"When participant describes how participants choose priority goals from their indicators (number, difficulty, SMART goals) and how staff guide that process.",4 - Karen.docx,26-09-25 08:04,4 - Karen.docx; 2 - Dr.Nelaon and Karen.docx; 9 - Travis.docx; 3 - Scott.docx; 1- Larry and Darleen.docx
Qualitative participant comments and notes,"When participant talks about free-text comments, notes or narratives captured alongside the assessment scores.",4 - Karen.docx,26-09-25 08:04,4 - Karen.docx; 9 - Travis.docx; 3 - Scott.docx; 6 - Juanfe.docx
Manual data wrangling,"When participant describes manually downloading, cleaning, calculating or re-assembling data (e.g., spreadsheets) because the tools do not provide it directly.",4 - Karen.docx,26-09-25 08:04,4 - Karen.docx; 9 - Travis.docx; 8 - Nancy.docx; 1- Larry and Darleen.docx
Updating demographic data over time,When participant talks about demographic/socioeconomic questions that change over time and the need to re-ask or update them at follow-up.,4 - Karen.docx,26-09-25 08:04,4 - Karen.docx; 2 - Dr.Nelaon and Karen.docx; 3 - Scott.docx
Life map before-after storytelling,When participant describes using individual life maps (baseline vs. follow-up) or case stories to illustrate individual progress.,4 - Karen.docx,26-09-25 08:04,4 - Karen.docx; 2 - Dr.Nelaon and Karen.docx; 9 - Travis.docx; 5 - Robin.docx
Stories resonate more than numbers,When participant expresses that qualitative stories or personal faces are more memorable or persuasive to audiences than aggregate numbers.,4 - Karen.docx,26-09-25 08:04,4 - Karen.docx; 9 - Travis.docx; 5 - Robin.docx
Data auditing for fidelity,"When participant describes checking data quality, integrity or fidelity (audits, spot checks, matching intakes to baselines, duplicates) or auditing staff use of the tool.",4 - Karen.docx,26-09-25 08:04,4 - Karen.docx; 2 - Dr.Nelaon and Karen.docx; 9 - Travis.docx; 3 - Scott.docx; 6 - Juanfe.docx; 1- Larry and Darleen.docx
Yellow fatigue,When participant talks about participants stuck on yellow indicators for a long time and how this is detected and addressed.,4 - Karen.docx,26-09-25 08:04,4 - Karen.docx; 2 - Dr.Nelaon and Karen.docx
Pink cloud effect,"When participant talks about the euphoric phase in which participants set unrealistic goals, as seen in the data, and how staff respond.",4 - Karen.docx,26-09-25 08:04,4 - Karen.docx; 2 - Dr.Nelaon and Karen.docx
Scaling vision,"When participant describes ambitions to scale the assessment or network to more programs, counties, states or national social services.",4 - Karen.docx,26-09-25 08:04,4 - Karen.docx; 2 - Dr.Nelaon and Karen.docx; 7 - Dr.Mazade.docx; 5 - Robin.docx
Assessment as proactive prevention,"When participant frames the assessment as a way to address crisis/poverty proactively rather than reactively (e.g., keeping families together, reducing repeat reports).",4 - Karen.docx,26-09-25 08:04,4 - Karen.docx
Subjectivity of self-reported data,"When participant talks about the assessment as subjective, a point-in-time self-perception or lived experience, and the implications of that for interpretation.",4 - Karen.docx,26-09-25 08:04,4 - Karen.docx; 2 - Dr.Nelaon and Karen.docx; 3 - Scott.docx
Linking with administrative data,"When participant talks about pairing assessment data with administrative, clinical, Medicaid, census or other 'objective' data sources.",4 - Karen.docx,26-09-25 08:04,4 - Karen.docx; 2 - Dr.Nelaon and Karen.docx; 7 - Dr.Mazade.docx; 1- Larry and Darleen.docx
Post-program follow-up,When participant talks about following participants after they leave or graduate from the program (or losing track of them).,4 - Karen.docx,26-09-25 08:04,4 - Karen.docx; 2 - Dr.Nelaon and Karen.docx; 7 - Dr.Mazade.docx; 3 - Scott.docx; 5 - Robin.docx
Privacy and data protection,"When participant talks about protected health information, HIPAA/42 CFR, certification, data use agreements or other data-protection concerns.",4 - Karen.docx,26-09-25 08:04,4 - Karen.docx; 3 - Scott.docx; 6 - Juanfe.docx; 1- Larry and Darleen.docx
Role-based data access,When participant describes who can see which data (individual life maps vs. agency/network reports) according to role or security access.,4 - Karen.docx,26-09-25 08:04,4 - Karen.docx; 3 - Scott.docx; 1- Larry and Darleen.docx
Person-centered language,"When participant discusses deliberate terminology choices to preserve dignity (e.g., care facilitation instead of case management).",4 - Karen.docx,26-09-25 08:04,4 - Karen.docx; 5 - Robin.docx; 1- Larry and Darleen.docx
Reporting to leadership and board,"When participant describes sharing assessment data with CEOs, leadership, staff or boards for oversight, accountability or stewardship.",4 - Karen.docx,26-09-25 08:04,4 - Karen.docx; 9 - Travis.docx; 3 - Scott.docx
Reporting to funders and donors,"When participant talks about using assessment data for grant writing, grant reporting, donor or funder communication.",4 - Karen.docx,26-09-25 08:04,4 - Karen.docx; 7 - Dr.Mazade.docx; 9 - Travis.docx; 3 - Scott.docx; 5 - Robin.docx
Multi-level aggregation of data,"When participant describes presenting or analysing data at different levels (individual, agency, network, county) and how the view changes across levels.",4 - Karen.docx,26-09-25 08:04,4 - Karen.docx; 7 - Dr.Mazade.docx; 9 - Travis.docx; 3 - Scott.docx; 1- Larry and Darleen.docx
Presenting data to policymakers,"When participant describes how they frame or present assessment data and their model to policymakers or government agencies, and the reactions or challenges they anticipate.",4 - Karen.docx,26-09-25 08:04,4 - Karen.docx; 9 - Travis.docx; 5 - Robin.docx
Participant ownership of assessment,"When participant emphasizes that the person assessed owns the answers, defines success or sits in the driver's seat.",4 - Karen.docx,26-09-25 08:04,4 - Karen.docx; 9 - Travis.docx; 3 - Scott.docx; 5 - Robin.docx
Facilitation technique and neutrality,"When participant talks about techniques (motivational interviewing, reflective listening, SMART goals) or the facilitator's stance (coaching vs. directing) intended to elicit truthful, unled answers.",4 - Karen.docx,26-09-25 08:04,4 - Karen.docx; 2 - Dr.Nelaon and Karen.docx; 9 - Travis.docx; 3 - Scott.docx; 6 - Juanfe.docx
Resistance to assessment,"When participant describes staff or participants resisting the assessment (assessment fatigue, 'checking a box', seeing it as a waste of time).",4 - Karen.docx,26-09-25 08:04,4 - Karen.docx; 9 - Travis.docx
Referral networks and warm handoffs,"When participant describes connecting participants to community resources through referrals, partnerships and warm handoffs based on identified needs.",4 - Karen.docx,26-09-25 08:04,4 - Karen.docx; 2 - Dr.Nelaon and Karen.docx; 9 - Travis.docx; 3 - Scott.docx; 1- Larry and Darleen.docx
Needs-driven resource discovery,When participant describes finding or adding new resources/partners because assessment results revealed needs not yet covered.,4 - Karen.docx,26-09-25 08:04,4 - Karen.docx
Resource directory maintenance burden,"When participant talks about the effort of building and maintaining resource databases (e.g., Bank of Solutions) in the system.",4 - Karen.docx,26-09-25 08:04,4 - Karen.docx; 8 - Nancy.docx; 1- Larry and Darleen.docx
AI-assisted note capture,"When participant describes wanting or using AI to record/transcribe assessment conversations or write notes, and concerns around accuracy or trust in that process.",4 - Karen.docx,26-09-25 08:04,4 - Karen.docx; 2 - Dr.Nelaon and Karen.docx; 3 - Scott.docx; 6 - Juanfe.docx
Sharing data back with partners,When participant talks about reporting outcomes back to partner organizations or resource providers so they can demonstrate their own impact.,4 - Karen.docx,26-09-25 08:04,4 - Karen.docx; 8 - Nancy.docx
Fragmented platforms,"When participant describes data or functionality spread across separate systems/licenses (e.g., Tableau outside the platform, no API) and the friction this causes.",4 - Karen.docx,26-09-25 08:04,4 - Karen.docx; 9 - Travis.docx; 3 - Scott.docx; 1- Larry and Darleen.docx
Beyond numbers: whole-person change,"When participant stresses that the goal is holistic quality-of-life change rather than numbers, and that the tool is a means to that end.",4 - Karen.docx,26-09-25 08:04,4 - Karen.docx; 9 - Travis.docx; 3 - Scott.docx; 5 - Robin.docx
Observed outcome trends,"When participant reports trends, changes or patterns they have observed in the assessment data (e.g., improvements in agency, well-being, income).",2 - Dr.Nelaon and Karen.docx,26-09-25 08:06,4 - Karen.docx; 2 - Dr.Nelaon and Karen.docx; 7 - Dr.Mazade.docx; 9 - Travis.docx
Structural indicators resist change,"When participant talks about indicators (income, savings, credit, debt, housing, employment) that are hardest to move or depend on structural drivers beyond the program.",2 - Dr.Nelaon and Karen.docx,26-09-25 08:06,4 - Karen.docx; 2 - Dr.Nelaon and Karen.docx; 7 - Dr.Mazade.docx; 9 - Travis.docx; 8 - Nancy.docx
Attributing change and confounds,"When participant discusses whether improvements can be attributed to the program versus other factors (controlled environment, natural lift, program differences).",2 - Dr.Nelaon and Karen.docx,26-09-25 08:06,2 - Dr.Nelaon and Karen.docx; 9 - Travis.docx
Complexity science and relational epistemology,"When participant frames data or analysis through complexity science, relational/holistic or pattern-based thinking as opposed to linear, classical or interval-based science.",2 - Dr.Nelaon and Karen.docx,26-09-25 08:06,4 - Karen.docx; 2 - Dr.Nelaon and Karen.docx
Evaluation design and correlation analysis,"When participant talks about plans for formal evaluation, correlating interventions with outcomes, or analysing interactions in the dataset.",2 - Dr.Nelaon and Karen.docx,26-09-25 08:06,2 - Dr.Nelaon and Karen.docx; 9 - Travis.docx; 5 - Robin.docx; 6 - Juanfe.docx; 1- Larry and Darleen.docx
Heterogeneity across participants and programs,"When participant discusses that participants, populations or programs differ in ways that complicate comparison or aggregate interpretation.",2 - Dr.Nelaon and Karen.docx,26-09-25 08:06,4 - Karen.docx; 2 - Dr.Nelaon and Karen.docx; 9 - Travis.docx; 3 - Scott.docx; 5 - Robin.docx; 6 - Juanfe.docx; 1- Larry and Darleen.docx
Context shapes meaning of data,"When participant discusses that the meaning of an indicator or answer depends on cultural, community or individual context (e.g., the same yellow meaning different things).",2 - Dr.Nelaon and Karen.docx,26-09-25 08:06,2 - Dr.Nelaon and Karen.docx; 9 - Travis.docx
Need for analytic expertise and partners,"When participant expresses a need for staff, partners, methods or expertise to analyse or evaluate the data.",2 - Dr.Nelaon and Karen.docx,26-09-25 08:06,2 - Dr.Nelaon and Karen.docx; 7 - Dr.Mazade.docx; 3 - Scott.docx; 8 - Nancy.docx; 1- Larry and Darleen.docx
Loss between conversation and record,"When participant discusses information that is filtered, lost or distorted between what is said in the conversation and what is recorded or reported.",2 - Dr.Nelaon and Karen.docx,26-09-25 08:06,4 - Karen.docx; 2 - Dr.Nelaon and Karen.docx; 6 - Juanfe.docx
Data collection as intervention,"When participant frames the act of collecting data/assessing as itself relational, non-neutral or an intervention that shapes the person and the data.",2 - Dr.Nelaon and Karen.docx,26-09-25 08:06,4 - Karen.docx; 2 - Dr.Nelaon and Karen.docx
Identifying early leavers,When participant describes using assessment data to identify participants at risk of dropping out of the program and why.,2 - Dr.Nelaon and Karen.docx,26-09-25 08:06,2 - Dr.Nelaon and Karen.docx
Integrating faith and science,"When participant discusses combining faith-based and science-based approaches, faith as knowledge, or using data to legitimize faith-based programs.",2 - Dr.Nelaon and Karen.docx,26-09-25 08:06,4 - Karen.docx; 2 - Dr.Nelaon and Karen.docx; 9 - Travis.docx; 3 - Scott.docx; 5 - Robin.docx
Cross-program learning network,"When participant describes programs/affiliates sharing models, practices or resources to learn from each other within a network.",2 - Dr.Nelaon and Karen.docx,26-09-25 08:06,4 - Karen.docx; 2 - Dr.Nelaon and Karen.docx; 9 - Travis.docx; 5 - Robin.docx
Verifying AI outputs,"When participant describes checking, cross-validating, or doubting AI outputs (e.g., bias, errors, hallucinations, missing data) or instructing AI to verify.",2 - Dr.Nelaon and Karen.docx,26-09-25 08:06,2 - Dr.Nelaon and Karen.docx; 7 - Dr.Mazade.docx; 9 - Travis.docx; 3 - Scott.docx
Data champions and key individuals,"When participant describes data or AI work being concentrated in, or dependent on, a specific person or champion (e.g., the one who does the prompts, a role someone created for themselves).",7 - Dr.Mazade.docx,26-09-25 08:07,4 - Karen.docx; 2 - Dr.Nelaon and Karen.docx; 7 - Dr.Mazade.docx; 9 - Travis.docx; 3 - Scott.docx; 5 - Robin.docx; 1- Larry and Darleen.docx
AI for sensemaking and ideation,"When participant describes using AI to interpret, free-associate, generate questions or explore possibilities, rather than to retrieve facts or compute.",7 - Dr.Mazade.docx,26-09-25 08:07,4 - Karen.docx; 2 - Dr.Nelaon and Karen.docx; 7 - Dr.Mazade.docx
AI-authored reports and communications,"When participant describes AI producing reports, articles, letters or summaries intended for other audiences.",7 - Dr.Mazade.docx,26-09-25 08:07,7 - Dr.Mazade.docx
Building organizational data and AI capacity,"When participant discusses what data/AI skills, training, staff or infrastructure programs need, especially as the network scales.",7 - Dr.Mazade.docx,26-09-25 08:07,4 - Karen.docx; 7 - Dr.Mazade.docx; 9 - Travis.docx; 3 - Scott.docx; 8 - Nancy.docx; 1- Larry and Darleen.docx
Community-level assessment,"When participant describes applying the assessment framework to a community or county (population-level life map) using external data, rather than to individuals.",7 - Dr.Mazade.docx,26-09-25 08:07,7 - Dr.Mazade.docx; 5 - Robin.docx; 1- Larry and Darleen.docx
Distributed ownership of innovation,"When participant describes seeding ideas, tools or use cases so that other stakeholders take ownership and develop them.",7 - Dr.Mazade.docx,26-09-25 08:07,7 - Dr.Mazade.docx
Data ownership and governance across organizations,"When participant discusses who owns the data or tool, intellectual property, data-use agreements or negotiation between organizations.",7 - Dr.Mazade.docx,26-09-25 08:07,2 - Dr.Nelaon and Karen.docx; 7 - Dr.Mazade.docx; 1- Larry and Darleen.docx
AI as collaborator or participant,"When participant frames AI as a co-author, collaborator or participant in the work rather than only a tool.",7 - Dr.Mazade.docx,26-09-25 08:07,7 - Dr.Mazade.docx
Role of technical and HCI researchers,"When participant reflects on what technologists, data scientists or HCI researchers could contribute, or advises them on focus or whom to engage.",7 - Dr.Mazade.docx,26-09-25 08:07,4 - Karen.docx; 2 - Dr.Nelaon and Karen.docx; 7 - Dr.Mazade.docx; 9 - Travis.docx; 5 - Robin.docx
Participatory definition of measures,"When participant proposes involving participants, families or communities in deciding what should be measured or asked in the assessment.",7 - Dr.Mazade.docx,26-09-25 08:07,4 - Karen.docx; 2 - Dr.Nelaon and Karen.docx; 7 - Dr.Mazade.docx
Turning anecdote into evidence,When participant describes using assessment data to turn anecdotal or narrative claims about program effectiveness into empirical evidence ('put legs to' claims).,9 - Travis.docx,26-09-25 08:08,4 - Karen.docx; 9 - Travis.docx; 5 - Robin.docx
Standard operating procedures for assessment,"When participant describes SOPs, policies or guidelines that govern how staff administer and use the assessment within the program.",9 - Travis.docx,26-09-25 08:08,4 - Karen.docx; 9 - Travis.docx
Assessment broadens program focus,"When participant describes the assessment expanding what the program attends to beyond its prior focus (e.g., from spiritual only to holistic needs).",9 - Travis.docx,26-09-25 08:08,4 - Karen.docx; 9 - Travis.docx; 3 - Scott.docx; 5 - Robin.docx
Changing staff roles and training needs,"When participant describes new demands, skills, mindsets or training that staff need in order to use the assessment and act on its results.",9 - Travis.docx,26-09-25 08:08,4 - Karen.docx; 2 - Dr.Nelaon and Karen.docx; 9 - Travis.docx; 3 - Scott.docx
Complementary assessment instruments,"When participant describes other instruments, questionnaires or intake forms used alongside the multidimensional assessment.",9 - Travis.docx,26-09-25 08:08,4 - Karen.docx; 9 - Travis.docx
Digitizing data collection,When participant talks about moving from paper to digital collection or records.,9 - Travis.docx,26-09-25 08:08,9 - Travis.docx
In-house data systems,"When participant describes an organization building or using its own apps/systems to store notes, goals and records alongside the assessment platform.",9 - Travis.docx,26-09-25 08:08,9 - Travis.docx; 3 - Scott.docx
Spreadsheet-based analysis,When participant describes spreadsheets as the main tool for analysing or reporting assessment and program data.,9 - Travis.docx,26-09-25 08:08,4 - Karen.docx; 9 - Travis.docx; 3 - Scott.docx; 8 - Nancy.docx
Value of prototype tools,"When participant reacts to or evaluates a demonstrated prototype/tool, describing its potential value (e.g., time saving, identifying trends, onboarding programs).",9 - Travis.docx,26-09-25 08:08,7 - Dr.Mazade.docx; 9 - Travis.docx
Evaluating staff effectiveness,When participant talks about wanting to use data to assess which staff/counselors are more or less effective.,9 - Travis.docx,26-09-25 08:08,4 - Karen.docx; 9 - Travis.docx
Translating data into accessible formats,"When participant describes reshaping or reformatting data (e.g., Canva slides, simplified charts, plain-language articles) so that audiences can understand it.",3 - Scott.docx,26-09-25 08:54,7 - Dr.Mazade.docx; 3 - Scott.docx
Geographic data and location accuracy,"When participant talks about address/location data, geocoding, or breaking data down by place (county, zip code) and the accuracy of that information.",3 - Scott.docx,26-09-25 08:54,2 - Dr.Nelaon and Karen.docx; 3 - Scott.docx; 8 - Nancy.docx; 1- Larry and Darleen.docx
Limited visibility of downstream data use,"When participant does not know, or says others do not know, what happens to the data after submission or how it is used further up the chain.",3 - Scott.docx,26-09-25 08:54,9 - Travis.docx; 3 - Scott.docx; 6 - Juanfe.docx
Transparency and consent with participants,"When participant describes what participants are told about data collection and use, permission to share, consent, or participants' choice over how their data is used.",3 - Scott.docx,26-09-25 08:54,4 - Karen.docx; 3 - Scott.docx; 5 - Robin.docx; 6 - Juanfe.docx
Supporting participant comprehension of indicators,"When participant describes how indicators are explained, read aloud, summarized or clarified so participants understand what is being asked.",3 - Scott.docx,26-09-25 08:54,3 - Scott.docx; 6 - Juanfe.docx; 1- Larry and Darleen.docx
Answers shift as self-understanding grows,"When participant describes participants revising their self-ratings over time as their understanding, perspective or emotional state changes (e.g., rating green at intake, then yellow/red later).",3 - Scott.docx,26-09-25 08:54,3 - Scott.docx
Returning results to participants,"When participant describes giving results (life maps, printouts, copies) back to participants or reviewing results together with them.",3 - Scott.docx,26-09-25 08:54,4 - Karen.docx; 9 - Travis.docx; 3 - Scott.docx; 6 - Juanfe.docx
Human-centred administration,"When participant stresses that the assessment must be done in person, relationally, with care and rapport, rather than as a mechanical survey.",3 - Scott.docx,26-09-25 08:54,4 - Karen.docx; 2 - Dr.Nelaon and Karen.docx; 3 - Scott.docx; 5 - Robin.docx; 6 - Juanfe.docx
AI for administrative tasks,"When participant describes using AI for non-analytic work tasks such as scheduling, email, lesson plans or workflow support.",3 - Scott.docx,26-09-25 08:54,9 - Travis.docx; 3 - Scott.docx
Capturing the why behind answers,"When participant discusses the reasons behind a participant's rating or change in rating, and whether/how those reasons are captured in the data.",3 - Scott.docx,26-09-25 08:54,4 - Karen.docx; 3 - Scott.docx; 6 - Juanfe.docx
Natural-language data querying,When participant describes wanting or using tools (often AI) to ask questions of the data in plain language or to quickly filter for specific indicators/time periods.,3 - Scott.docx,26-09-25 08:54,4 - Karen.docx; 3 - Scott.docx; 8 - Nancy.docx; 1- Larry and Darleen.docx
Implementation modalities,"When participant describes different ways the assessment is administered (one-on-one, group, self-administered, sent as a link, tied to loan renewal, led by HR or loan officers) and the intensity of mentoring that accompanies it.",8 - Nancy.docx,26-09-25 08:54,8 - Nancy.docx; 6 - Juanfe.docx; 1- Larry and Darleen.docx
Participant-facing AI,"When participant describes AI tools that interact directly with participants/families (e.g., chatbots or voice assistants that suggest solutions, locate resources or follow up on plans).",8 - Nancy.docx,26-09-25 08:54,8 - Nancy.docx; 1- Larry and Darleen.docx
Language and multilingual access,"When participant discusses the languages, dialects or everyday expressions people use and how tools (including AI) must accommodate them.",8 - Nancy.docx,26-09-25 08:54,8 - Nancy.docx
Opacity of AI systems,"When participant says they do not know how an AI tool works, what it was trained on, or how its outputs are produced.",8 - Nancy.docx,26-09-25 08:54,8 - Nancy.docx; 5 - Robin.docx
Attrition and missing follow-ups,"When participant describes participants dropping out, follow-up assessments not being done, or the dataset lacking repeated (longitudinal) measures.",8 - Nancy.docx,26-09-25 08:54,4 - Karen.docx; 2 - Dr.Nelaon and Karen.docx; 3 - Scott.docx; 8 - Nancy.docx; 6 - Juanfe.docx
Cross-context comparability of indicators,"When participant discusses difficulties comparing indicators across countries, programs or adapted versions because indicators are defined or measured differently.",8 - Nancy.docx,26-09-25 08:54,2 - Dr.Nelaon and Karen.docx; 8 - Nancy.docx
Outcomes over outputs,"When participant contrasts measuring outcomes (changes in well-being, lives) with outputs (doses delivered, counts of people served) and argues for outcome-focused data, including for technology/AI.",5 - Robin.docx,26-09-25 08:55,3 - Scott.docx; 5 - Robin.docx
Assessment as self-reflection,"When participant frames the assessment as a tool for self-examination, self-knowledge or visualizing one's own situation and aspirations.",5 - Robin.docx,26-09-25 08:55,5 - Robin.docx; 6 - Juanfe.docx
Independent evaluation and credibility,"When participant emphasizes external or independent researchers/evaluators, or critical scrutiny, as giving credibility to the program's claims.",5 - Robin.docx,26-09-25 08:55,4 - Karen.docx; 5 - Robin.docx
Participant benefit vs. extractive data collection,"When participant contrasts data collected to benefit the person answering with data collected mainly to serve the collecting organization, researchers or commercial interests.",5 - Robin.docx,26-09-25 08:55,3 - Scott.docx; 5 - Robin.docx; 6 - Juanfe.docx
Gap between testimonies and dataset,"When participant notes that success stories or testimonies about the assessment's impact are not reflected in, or cannot be traced through, the recorded data.",6 - Juanfe.docx,26-09-25 08:55,6 - Juanfe.docx
Burden and length of data collection,"When participant discusses the trade-off between collecting richer data and the time, length or workload it imposes on participants or facilitators.",6 - Juanfe.docx,26-09-25 08:55,4 - Karen.docx; 9 - Travis.docx; 6 - Juanfe.docx
Participatory group sensemaking of aggregate data,"When participant describes returning aggregate results to the group or community that provided them so they can discuss, interpret and co-create responses.",1- Larry and Darleen.docx,26-09-25 08:55,7 - Dr.Mazade.docx; 1- Larry and Darleen.docx
Positive deviance,"When participant describes using the data to find people who are doing well (green) where most are struggling, and learning from what they did.",1- Larry and Darleen.docx,26-09-25 08:55,1- Larry and Darleen.docx
Uneven feature adoption,"When participant notes that platform features (e.g., achievements, bank of solutions, interventions, notes, AI) are used inconsistently, rarely, or are unknown to users.",1- Larry and Darleen.docx,26-09-25 08:55,4 - Karen.docx; 3 - Scott.docx; 1- Larry and Darleen.docx
Identity linkage across organizations and time,"When participant discusses participant identifiers and the difficulty of linking the same person across organizations, time or changing contact details.",1- Larry and Darleen.docx,26-09-25 08:55,3 - Scott.docx; 6 - Juanfe.docx; 1- Larry and Darleen.docx
Democratizing analysis for non-experts,"When participant describes making analysis usable by staff or partners who are not data analysts (e.g., through AI query tools, embedded decision rules, training partners).",1- Larry and Darleen.docx,26-09-25 08:55,8 - Nancy.docx; 1- Larry and Darleen.docx
